,index,FIPS,CHIPSTAX_STORES14,CHIPSTAX_VENDM14,CONVSPTH14,FFRPTH14,FMRKTPTH16,FOODHUB16,FOOD_TAX14,FSRPTH14,GROCPTH14,MEDHHINC15,METRO13,PCT_18YOUNGER10,PCT_65OLDER10,PCT_DIABETES_ADULTS13,PCT_FMRKT_ANMLPROD16,PCT_FMRKT_BAKED16,PCT_FMRKT_CREDIT16,PCT_FMRKT_FRVEG16,PCT_FMRKT_OTHERFOOD16,PCT_FMRKT_SFMNP16,PCT_FMRKT_SNAP16,PCT_FMRKT_WIC16,PCT_FMRKT_WICCASH16,PCT_HISP10,PCT_HSPA15,PCT_LACCESS_BLACK15,PCT_LACCESS_CHILD15,PCT_LACCESS_HHNV15,PCT_LACCESS_HISP15,PCT_LACCESS_LOWI15,PCT_LACCESS_MULTIR15,PCT_LACCESS_NHASIAN15,PCT_LACCESS_NHNA15,PCT_LACCESS_NHPI15,PCT_LACCESS_POP15,PCT_LACCESS_SENIORS15,PCT_LACCESS_SNAP15,PCT_LACCESS_WHITE15,PCT_NHASIAN10,PCT_NHBLACK10,PCT_NHNA10,PCT_NHPI10,PCT_NHWHITE10,PCT_NSLP15,PCT_OBESE_ADULTS13,PCT_SBP15,PCT_SFSP15,PCT_SNAP16,PCT_WIC15,POVRATE15,RECFACPTH14,SNAPSPTH16,SODATAX_STORES14,SODATAX_VENDM14,SPECSPTH14,SUPERCPTH14,cluster,County
0,0,21001,0.0,6.0,0.520724849,0.312434909,0.10373443983402489,0,0.0,0.572797334,0.260362424,32007.0,0,22.545025728987994,15.32482847341338,15.1,50.0,50.0,50.0,50.0,50.0,50.0,50.0,50.0,0.0,1.7099056603773584,20.200000000000003,0.11659729957461781,2.3144159422464194,4.682255118947714,0.1618024970629583,5.263530849885013,0.19181447004336516,0.005775665537666648,0.000733359103605446,0.005360206001634702,9.259422345469124,1.4659943413318288,1.7002734631991214,8.93914131540609,0.23048885077186962,2.6854631217838767,0.19296740994854203,0.02144082332761578,94.11449399656946,11.870195019674167,34.3,6.396815356607275,0.7460409862665002,14.493977201579275,2.6254576560216147,27.2,0.0,1.00708852005532,6.0,6.0,0.0,0.0520725,0,Adair
1,1,21005,0.0,6.0,0.456871345,0.868055556,0.0451304269338388,0,0.0,0.365497076,0.091374269,55523.0,0,25.423649689556978,12.039587320853368,12.2,100.0,100.0,100.0,100.0,100.0,100.0,0.0,0.0,100.0,1.3444750478502405,20.200000000000003,0.616784404264997,5.927919018712105,1.402410759453053,0.3441633728923743,5.975886816449279,0.4355142745915877,0.0776919452428911,0.02781077764717357,0.004668316138368891,21.357715938207832,2.046081842037384,2.322903241487418,20.1952463301457,0.4855048783903646,1.9933709910835162,0.13538116801269784,0.014004948415106671,94.83217403482563,11.870195019674167,34.6,6.396815356607275,0.7460409862665002,14.493977201579275,2.6254576560216147,10.7,0.0,0.808586815897945,6.0,6.0,0.0,0.0456871,1,Anderson
2,2,21007,0.0,6.0,1.09223301,0.485436893,0.12416190712689348,0,0.0,0.849514563,0.242718447,44352.0,0,22.160261849921202,17.577888228876226,13.2,0.0,0.0,0.0,100.0,100.0,0.0,0.0,0.0,0.0,1.0910413383440418,20.200000000000003,0.0977969649816848,1.138752100958235,3.157574637841419,0.05924775052136126,1.6672695833297977,0.09629665493961426,0.0017782635961119894,0.0,0.0,5.0488649262914045,0.8912955651613856,0.5867323367858758,4.852993036978639,0.15759485998302825,2.8851982058431322,0.1333494969087162,0.012122681537156019,94.09625409140502,11.870195019674167,34.2,6.396815356607275,0.7460409862665002,14.493977201579275,2.6254576560216147,15.1,0.0,1.1898849432994,6.0,6.0,0.0,0.0,1,Ballard
3,3,21009,0.0,6.0,0.579401131,0.857513674,0.09092355602027595,0,0.0,0.834337629,0.208584407,40017.0,0,24.224029592393236,15.412704811135086,13.4,100.0,100.0,75.0,100.0,100.0,75.0,50.0,75.0,50.0,2.632015744670761,20.200000000000003,0.3829636586907263,1.7908154891239683,2.6450937659616978,0.40541303417618146,3.692960984414601,0.37263744070736965,0.06656000137617434,0.01929738574963029,0.002647814211436654,7.2110218059931706,1.2278340457558485,1.7876750484105597,6.366915504992105,0.4291845493562232,3.8342067199392975,0.14701349204467312,0.011855926777796219,91.52064116852014,11.870195019674167,31.0,6.396815356607275,0.7460409862665002,14.493977201579275,2.6254576560216147,19.3,0.0463521,1.16685230226021,6.0,6.0,0.0,0.023176,1,Barren
4,4,21011,0.0,6.0,0.491561527,0.409634606,0.08112273870365865,0,0.0,0.327707685,0.409634606,35143.0,0,24.72608057976016,14.718315934776982,14.1,100.0,0.0,0.0,100.0,100.0,100.0,100.0,100.0,0.0,1.354499180398585,20.200000000000003,0.0,0.01785660946932767,5.961222268395727,0.004350531254275144,0.06174405318577293,0.0,0.0,0.0,0.0,0.11996825675363298,0.029526480132336726,0.0346285574859346,0.11996825675363298,0.14666551634889138,1.311362263825382,0.15529289966353205,0.01725476662928134,96.02277629195065,11.870195019674167,30.4,6.396815356607275,0.7460409862665002,14.493977201579275,2.6254576560216147,24.9,0.0,0.845028528163111,6.0,6.0,0.0,0.0,0,Bath
5,5,21015,0.0,6.0,0.348065468,0.949269458,0.00777992157839049,0,0.0,0.806879039,0.102837525,68804.0,1,28.262534613798383,9.521845620355016,11.9,100.0,100.0,100.0,100.0,100.0,0.0,0.0,100.0,0.0,3.539234582656488,20.200000000000003,0.8827435351435389,10.312263847715531,0.8864706107478806,1.0404063784462971,6.177190636966737,0.9585946112716247,0.918508911378155,0.058585467473097536,0.024017531216213483,34.9919376881144,2.9498580224203734,2.2396214674769324,32.14948767896256,2.115965693412226,2.4644182777688934,0.16160119854222252,0.06396714108962975,90.02112599001777,11.870195019674167,32.5,6.396815356607275,0.7460409862665002,14.493977201579275,2.6254576560216147,8.2,0.102837525,0.691116366880355,6.0,6.0,0.0553741,0.0237317,2,Boone
6,6,21017,0.0,6.0,0.600841178,0.650911276,0.04992511233150274,0,0.0,0.600841178,0.150210294,46370.0,1,24.08306229672254,15.256442331748813,13.8,0.0,0.0,100.0,0.0,0.0,100.0,0.0,100.0,0.0,6.845133850387791,20.200000000000003,1.8138573101675357,3.5584760820921537,3.984420664871665,1.546054475335882,7.716112294659444,1.3411706072458442,0.03290255932654176,0.025432383809830525,0.0,15.72326654258884,2.0655725811002803,4.11232450345835,12.509903691122792,0.2952214160620465,5.939454590943207,0.1300975731798849,0.0,85.19889917438078,11.870195019674167,34.1,6.396815356607275,0.7460409862665002,14.493977201579275,2.6254576560216147,14.8,0.0,1.10251289732069,6.0,6.0,0.0,0.0500701,1,Bourbon
7,7,21019,0.0,6.0,0.716743119,1.249180865,0.020776198786669992,0,0.0,0.59387287,0.143348624,43406.0,1,21.3818578176093,16.63638932622825,15.7,0.0,0.0,0.0,0.0,0.0,0.0,0.0,0.0,0.0,1.4412014048685964,20.200000000000003,0.24764929790023815,4.813363667434217,1.9455189292461161,0.18000023499057607,9.467246541387873,0.26413061066267407,0.07698944744365144,0.03238407277100925,0.0,21.565509055178637,3.6870353573692825,4.722572103617349,20.944355598858344,0.4481046384885552,2.7734043841588956,0.1998304468935449,0.006055468087683178,93.7850712526745,11.870195019674167,38.5,6.396815356607275,0.7460409862665002,14.493977201579275,2.6254576560216147,20.5,0.0614351,1.0232277902435,6.0,6.0,0.102391874,0.0409567,1,Boyd
8,8,21021,0.0,6.0,0.471285262,0.774254359,0.03331334532613765,0,0.0,0.67326466,0.168316165,40459.0,0,21.658694428812606,16.207090602138436,11.2,100.0,100.0,100.0,100.0,100.0,100.0,100.0,0.0,100.0,2.799662352279122,20.200000000000003,1.9732165530689367,6.36054276030114,4.095269442700289,0.8905771179081633,12.47147923442241,0.9848229698136923,0.198259319338086,0.083636775425204,0.012851465749200583,27.30954113795136,4.655625388672377,5.642823362720614,24.05675405943082,0.742121553179516,7.407146876758581,0.16530669667979742,0.024620146314012378,86.88801350590883,11.870195019674167,32.2,6.396815356607275,0.7460409862665002,14.493977201579275,2.6254576560216147,17.2,0.168316165,0.977191462900038,6.0,6.0,0.0,0.0336632,1,Boyle
9,9,21023,0.0,6.0,0.594813229,0.475850583,0.11904761904761904,0,0.0,0.713775874,0.237925291,44846.0,1,25.35344015080113,13.654571159283693,14.6,0.0,0.0,0.0,0.0,0.0,0.0,0.0,0.0,0.0,1.1310084825636193,20.200000000000003,0.0,0.14049493215606976,6.307377588159843,0.0,0.22177180292753182,0.007406850227412746,0.0,0.0031209754442460768,0.0,0.5639836422239208,0.11039553276624105,0.10268761172109225,0.5534558172774576,0.058906691800188496,0.3416588124410933,0.20028275212064092,0.0,97.20782280867107,11.870195019674167,32.4,6.396815356607275,0.7460409862665002,14.493977201579275,2.6254576560216147,15.7,0.0,0.892857142857143,6.0,6.0,0.0,0.0,1,Bracken
10,10,21025,0.0,6.0,0.522037438,0.372883884,0.07527853056308341,0,0.0,0.298307107,0.298307107,28196.0,0,23.202190517365615,13.445741461305664,15.7,100.0,100.0,100.0,100.0,100.0,0.0,0.0,0.0,0.0,0.6413027813806025,20.200000000000003,0.02979609044328282,3.1350647280775115,12.167170093826593,0.17201469006058223,8.92992322388154,0.16435279746008719,0.09247168659365038,0.046931788348369655,4.69923180266681e-06,14.902822994307824,2.2503054758776555,6.293440753814633,14.56926595494992,0.48277849834270065,0.3098429168468079,0.08646779074794639,0.08646779074794639,97.81668828361435,11.870195019674167,41.6,6.396815356607275,0.7460409862665002,14.493977201579275,2.6254576560216147,32.9,0.0,1.53693666566295,6.0,6.0,0.0,0.0,0,Breathitt
11,11,21027,0.0,6.0,0.854786806,0.15084473,0.05009769049646812,0,0.0,0.452534191,0.301689461,42347.0,0,24.178672914901043,15.60895358691859,14.8,0.0,0.0,0.0,0.0,0.0,0.0,0.0,0.0,0.0,0.8724263422902439,20.200000000000003,0.032316471241626,2.2035703750548428,5.334291750758221,0.09208691457094721,4.02076665807635,0.17452496092974926,0.012480200658426888,0.019779472108326087,0.0,9.023191820659754,1.4105074081661948,1.4175106505137345,8.78409072221392,0.20938232214965852,2.0140585273443343,0.28914701630190937,0.009970586769031358,95.38860361932299,11.870195019674167,36.6,6.396815356607275,0.7460409862665002,14.493977201579275,2.6254576560216147,19.0,0.0502816,1.29001553028405,6.0,6.0,0.0,0.0,1,Breckinridge
12,12,21035,0.0,6.0,0.391829058,0.679170367,0.026016598589900356,0,0.0,1.044877488,0.078365812,40585.0,0,18.047377053588235,15.111182813046167,10.3,100.0,100.0,100.0,100.0,100.0,0.0,0.0,0.0,0.0,2.3930520824930763,20.200000000000003,0.5647962194392111,2.8773545654526633,2.8280591410912304,0.26736636086002796,4.775697338865424,0.33787092499520316,0.20504268494218955,0.027008491787302035,2.0190306393102365e-05,14.77036486965263,2.5701953907523754,1.7500513974585767,13.635626388563443,1.7477346669893252,3.6971310263235733,0.18015111182813046,0.018821757952192736,90.53803339517626,11.870195019674167,30.1,6.396815356607275,0.7460409862665002,14.493977201579275,2.6254576560216147,21.1,0.0261219,0.724128660752227,6.0,6.0,0.0522439,0.0261219,1,Calloway
13,13,21037,0.0,6.0,0.435573269,0.773142552,0.06506815889644403,0,0.0,0.816699879,0.185118639,51694.0,1,22.803754870704925,12.793349273822175,10.9,50.0,100.0,100.0,100.0,100.0,50.0,0.0,50.0,0.0,1.6549326957137795,20.200000000000003,0.8252594541885008,7.318025690900227,2.6532670308568607,0.40037872803725644,7.675752510991554,0.5810441599066153,0.23781002287028202,0.03315553360490292,0.007028528993824423,30.39513197492384,3.9033325701804484,2.5947404860290444,28.71083430699688,0.7970244420828906,2.4940223166843785,0.10959086078639745,0.01660467587672689,93.43561813673396,11.870195019674167,31.6,6.396815356607275,0.7460409862665002,14.493977201579275,2.6254576560216147,14.4,0.119782649,0.730209338726761,6.0,6.0,0.0544467,0.0217787,1,Campbell
14,14,21039,0.0,6.0,0.602651667,0.401767778,0.2059732234809475,0,0.0,0.602651667,0.200883889,43144.0,0,22.609717868338556,18.906739811912228,13.1,0.0,0.0,0.0,0.0,0.0,0.0,0.0,0.0,0.0,1.6261755485893419,20.200000000000003,0.007739512813299276,0.6847378756404369,4.373140137030005,0.09154931773242006,0.685891422037592,0.018706844410155448,0.0,0.056120531697725504,0.0,2.2623582086838163,0.16896837280869062,0.11544389232618808,2.17979131428846,0.274294670846395,0.6857366771159875,0.4506269592476489,0.0,96.12068965517241,11.870195019674167,33.4,6.396815356607275,0.7460409862665002,14.493977201579275,2.6254576560216147,14.8,0.0,1.78510127016821,6.0,6.0,0.0,0.0,1,Carlisle
15,15,21041,0.0,6.0,0.647249191,1.202034212,0.09364172675344133,0,0.0,0.647249191,0.369856681,46499.0,0,25.14106003144945,12.903524188326704,12.5,0.0,0.0,0.0,0.0,0.0,0.0,0.0,0.0,0.0,7.29812228286005,20.200000000000003,0.7997441603155193,9.53944141150754,7.5165623428532875,3.4623917962752104,17.642339779642676,2.5610304017315326,0.1777206711816872,0.074105674568307,0.0,37.832753986598185,5.600002461981657,9.687248940482615,34.22015301074054,0.5364906114143002,1.479974100453242,0.2312459531958191,0.018499676255665527,88.5672000739987,11.870195019674167,35.3,6.396815356607275,0.7460409862665002,14.493977201579275,2.6254576560216147,17.6,0.0,1.72456846770921,6.0,6.0,0.0,0.09246417,1,Carroll
16,16,21043,0.0,6.0,0.661205598,0.661205598,0.03697404422095689,0,0.0,0.514271021,0.220401866,37204.0,0,23.463203463203463,14.859307359307358,14.3,0.0,0.0,0.0,0.0,0.0,0.0,0.0,0.0,0.0,1.158008658008658,20.200000000000003,0.007628540187257036,1.1838759207696719,4.286706234545436,0.03207794245939582,2.5435427080477164,0.044846974877193004,0.010580795065837157,0.007292529459556241,0.0,5.515168476408839,1.157332753567951,1.0173097227046841,5.444819604910641,0.16594516594516595,0.523088023088023,0.2344877344877345,0.007215007215007215,97.15007215007215,11.870195019674167,38.9,6.396815356607275,0.7460409862665002,14.493977201579275,2.6254576560216147,19.7,0.073467289,1.3680396361754,6.0,6.0,0.0,0.0,0,Carter
17,17,21047,0.0,6.0,0.336700337,0.579124579,0.027643018064712307,0,0.0,0.430976431,0.175084175,39840.0,1,28.497059022378473,10.267054289770806,10.8,50.0,50.0,50.0,100.0,50.0,50.0,50.0,50.0,0.0,6.140220404299912,20.200000000000003,4.849340878257643,7.188364090785209,2.9291302644429007,2.3925783230801976,11.522698918477332,1.7475514073894125,0.33140902013664936,0.2127527691913082,0.19039506675868162,25.607782063939155,1.6608587887476303,3.4849160325450885,18.276332868288957,0.9843823946994795,20.884321546886618,0.4475694679196809,0.3664390507741194,68.5673720505713,11.870195019674167,36.5,6.396815356607275,0.7460409862665002,14.493977201579275,2.6254576560216147,20.3,0.080808081,0.870755069038438,6.0,6.0,0.013468,0.026936,1,Christian
18,18,21049,0.0,6.0,0.503383858,0.894904637,0.02791814400178676,0,0.0,0.391520779,0.167794619,54812.0,1,23.49984556201387,14.168983236458596,12.4,100.0,100.0,100.0,100.0,100.0,0.0,100.0,100.0,0.0,2.501895375284306,20.200000000000003,0.3644620542942156,2.689236941544071,1.5941458312101773,0.1337636885463508,2.361517993754202,0.18773716681555527,0.023875610148811365,0.021364442033320444,0.00013734437051412686,10.30666220533864,1.2338150706458344,1.337952118009792,9.70908550705703,0.35099542301968384,4.753882009378597,0.1347822424395586,0.011231853536629883,90.99766939039114,11.870195019674167,30.6,6.396815356607275,0.7460409862665002,14.493977201579275,2.6254576560216147,15.4,0.0279658,1.04925691206715,6.0,6.0,0.0279658,0.0279658,1,Clark
19,19,21053,0.0,6.0,0.787014265,0.590260698,0.09826078412105728,0,0.0,0.590260698,0.196753566,29178.0,0,23.860981308411215,16.57904984423676,12.7,0.0,0.0,0.0,0.0,0.0,0.0,0.0,0.0,0.0,2.2488317757009346,20.200000000000003,0.0,0.038129262821284655,3.5908649024684034,0.0,0.045574687180512566,6.161115441987928e-06,0.0,0.0,0.0,0.10413792150420073,0.006977609186734269,0.017842088045766934,0.10413176041369157,0.1265576323987539,0.3796728971962617,0.17523364485981308,0.06814641744548286,96.03777258566979,11.870195019674167,34.9,6.396815356607275,0.7460409862665002,14.493977201579275,2.6254576560216147,26.4,0.098376783,1.41659297107858,6.0,6.0,0.0,0.0,0,Clinton
20,20,21055,0.0,6.0,0.216825672,0.650477016,0.10883761427949498,0,0.0,0.325238508,0.216825672,40202.0,0,22.65163714439077,18.1105743424584,13.9,100.0,100.0,100.0,100.0,100.0,0.0,100.0,0.0,0.0,0.5152979066022545,20.200000000000003,0.04078040360380612,0.6047491519847826,6.01323243820923,0.010580683134044295,1.5625723274881158,0.00476494270549766,0.033233977106394315,0.004160092557252635,0.0,2.894907236195609,0.6982974432872174,0.3961331136105872,2.8119678714328824,0.18250134192163178,0.8158883521202361,0.34353193773483626,0.07514761137949544,97.31615673644659,11.870195019674167,33.8,6.396815356607275,0.7460409862665002,14.493977201579275,2.6254576560216147,19.2,0.0,0.997678130895371,6.0,6.0,0.108412836,0.0,1,Crittenden
21,21,21059,0.0,6.0,0.549478504,0.783515645,0.010032706623592912,0,0.0,0.681760366,0.162808446,48724.0,1,24.421660321138887,14.606439331236551,11.3,100.0,100.0,0.0,100.0,100.0,100.0,0.0,100.0,0.0,2.6123572256248964,20.200000000000003,0.3273671226791932,4.230340147987068,0.9682011105093374,0.3531045684752017,4.75318818318748,0.395532244293062,0.18007622316236552,0.013128946234442973,0.007954952984633319,16.481657984767732,2.139942347302144,1.4718886794608614,15.557598455276134,0.6931799370965072,4.741557689124317,0.11587485515643105,0.04862605528885946,90.01510511504718,11.870195019674167,30.4,6.396815356607275,0.7460409862665002,14.493977201579275,2.6254576560216147,14.9,0.111930806,1.03086060557417,6.0,6.0,0.0610532,0.0305266,1,Daviess
22,22,21061,0.0,6.0,0.49945892,0.24972946,0.08254911672445105,0,0.0,0.49945892,0.166486307,38673.0,1,21.848532193076228,16.63514513609078,16.1,0.0,0.0,0.0,0.0,0.0,0.0,0.0,0.0,0.0,0.8223007976317738,20.200000000000003,0.0029030524930913166,0.5050976818977789,4.834523556734547,0.01742723523726149,1.183612450684878,0.06818942951815665,0.0,0.005411218376264271,0.0,2.522694930953014,0.5307949224290651,0.774402079681956,2.4461912505080257,0.20557519940794344,1.3650193240687443,0.30425129512375626,0.008223007976317738,96.480552586136,11.870195019674167,31.2,6.396815356607275,0.7460409862665002,14.493977201579275,2.6254576560216147,20.0,0.0,1.15568763414231,6.0,6.0,0.0,0.0,0,Edmonson
23,23,21063,0.0,6.0,0.391032325,0.260688217,0.13178703215603585,0,0.0,0.130344108,0.130344108,30299.0,0,20.376974019358126,14.442180336220071,13.2,0.0,0.0,0.0,0.0,0.0,0.0,0.0,0.0,0.0,0.7896077432501274,20.200000000000003,0.0,0.013773220909595263,9.60189005860541,0.0,0.025781267571680082,0.0,0.0,0.0,0.0,0.05771635414323701,0.007870411965284374,0.02070402506882647,0.05771635414323701,0.05094243504839531,3.3367294956698927,0.11462047885888946,0.0891492613346918,95.17320427916455,11.870195019674167,33.7,6.396815356607275,0.7460409862665002,14.493977201579275,2.6254576560216147,34.4,0.0,1.3398348269197,6.0,6.0,0.0,0.0,0,Elliott
24,24,21065,0.0,6.0,0.346092614,0.553748183,0.06989585517578807,0,0.0,0.415311137,0.276874092,32541.0,0,22.75763358778626,15.314885496183205,14.6,0.0,0.0,0.0,0.0,0.0,0.0,0.0,0.0,0.0,0.6883860414394766,20.200000000000003,1.4126198468572791e-06,2.037188319111757,5.862318587110395,0.06734088466248207,5.379323393579062,0.11517482868628134,0.0037094076431174556,0.0505213962814773,0.0,9.143203398216194,1.7645297712014927,3.196832214256266,8.973796311543552,0.09541984732824427,0.19083969465648853,0.2044711014176663,0.0,98.19383860414395,11.870195019674167,35.1,6.396815356607275,0.7460409862665002,14.493977201579275,2.6254576560216147,28.2,0.0,1.20570350178234,6.0,6.0,0.0,0.0,0,Estill
25,25,21067,0.0,6.0,0.402191784,1.000653159,0.015701101275243445,0,0.0,0.88803946,0.193052056,51963.0,1,21.173889379079995,10.526600473964091,9.0,100.0,100.0,100.0,100.0,100.0,100.0,100.0,100.0,0.0,6.921498429698143,20.200000000000003,3.432780964309963,3.472275047341338,2.0171036744285655,1.1815349849901895,6.7616254223286445,1.1188146254285827,0.3096475109160012,0.047309344817796986,0.008306690239747738,15.869255707105607,1.3500514118750115,2.60050353364527,10.952396560493437,3.213625284395358,14.31222807070922,0.20249963658245523,0.036172723062308364,73.04591231326253,11.870195019674167,27.3,6.396815356607275,0.7460409862665002,14.493977201579275,2.6254576560216147,19.1,0.154441645,0.716493588193609,6.0,6.0,0.0386104,0.0225227,1,Fayette
26,26,21069,0.0,6.0,0.756273634,0.343760743,0.06893223960846487,0,0.0,0.137504297,0.343760743,47030.0,0,24.43546138834681,14.761639252857542,13.5,0.0,0.0,0.0,0.0,0.0,0.0,0.0,0.0,0.0,1.0384722609422916,20.200000000000003,0.006747545758791211,1.1698248637187763,6.682913898780398,0.030915659238256968,2.8426716790611026,0.033615944254057985,0.019932286496485364,0.010004608873015682,0.0,5.843892726691427,0.7992389181426749,1.2590394283626776,5.773592388409583,0.2230275996654586,1.2614998606077503,0.07666573738500139,0.006969612489545581,96.58488988012266,11.870195019674167,34.5,6.396815356607275,0.7460409862665002,14.493977201579275,2.6254576560216147,20.0,0.068752149,1.51650927138623,6.0,6.0,0.0,0.0,1,Fleming
27,27,21071,0.0,6.0,0.65603023,0.682271439,0.026946914578280787,0,0.0,0.367376929,0.472341766,30888.0,0,22.493726394768192,13.563661250665382,13.4,100.0,100.0,100.0,100.0,100.0,0.0,100.0,100.0,0.0,0.5551190083901549,20.200000000000003,0.022603640123660847,1.0047985042293808,8.830438616040723,0.030365515464440444,2.6507416308645153,0.04889580430609845,0.0033507264863129704,0.002986899684875694,0.0,4.944933701632303,0.9573377190728397,1.215598994190741,4.8670966284832575,0.19010924944868318,0.7401586778535398,0.09885680971331524,0.0,97.90372867607918,11.870195019674167,37.6,6.396815356607275,0.7460409862665002,14.493977201579275,2.6254576560216147,29.5,0.0,1.54271085960658,6.0,6.0,0.0,0.0,0,Floyd
28,28,21073,0.0,6.0,0.661587811,0.942261427,0.01977848101265823,0,0.0,0.681635926,0.120288693,50471.0,0,21.639444049913767,13.963680633052652,13.4,100.0,100.0,100.0,100.0,100.0,100.0,100.0,100.0,0.0,2.7878664908187076,20.200000000000003,3.0379542116992186,3.217954322356863,1.268920211871813,0.4371658811270874,5.580015741703094,0.5709569146685524,0.11930988395159642,0.03653927943642325,0.004272632490954266,14.822176141483007,1.5821272533667403,2.031762955153315,11.053143258924864,1.404078319975652,10.303337729532313,0.1663792228872882,0.014203104392817287,83.24236583138887,11.870195019674167,33.2,6.396815356607275,0.7460409862665002,14.493977201579275,2.6254576560216147,13.7,0.080192462,0.962552742616034,6.0,6.0,0.0400962,0.0200481,1,Franklin
29,29,21079,0.0,6.0,0.533871159,0.177957053,0.11566042100393245,0,0.0,0.415233124,0.059319,45018.0,0,23.14333017975402,14.563623462630085,12.8,50.0,50.0,50.0,50.0,50.0,50.0,0.0,0.0,0.0,2.3829233680227055,20.200000000000003,0.006374289854821724,0.10290570633002187,2.8928399284621475,0.00035774901412102415,0.24420896716811907,0.000285055441997335,7.546316229191107e-06,0.0,4.01199441764404e-05,0.7225233829419879,0.14754935547869383,0.250720159364985,0.715816353657876,0.21877956480605484,2.0044938505203405,0.13008514664143805,0.005912961210974456,94.4004257332072,11.870195019674167,30.5,6.396815356607275,0.7460409862665002,14.493977201579275,2.6254576560216147,17.0,0.0,0.742154368108567,6.0,6.0,0.059319,0.0,1,Garrard
30,30,21081,0.0,6.0,0.72361809,0.603015075,0.1604943225133411,0,0.0,0.522613065,0.040201,45307.0,1,28.071527045657284,10.73716649095775,12.7,75.0,75.0,0.0,100.0,100.0,100.0,0.0,100.0,0.0,2.339631822236639,20.200000000000003,0.1095641398677431,5.53217866950158,2.845324472749257,0.4184219425737451,7.794336858989781,0.38808719063956165,0.0216554336532102,0.04994946915522707,0.024864282851194186,18.261906709615808,1.3543712026436014,3.584102520265138,17.667786161334806,0.31627605222609684,0.7014840645527533,0.19868623793690698,0.1297542778363474,95.470764739275,11.870195019674167,36.3,6.396815356607275,0.7460409862665002,14.493977201579275,2.6254576560216147,16.4,0.040201,0.896093300699488,6.0,6.0,0.0,0.040201,1,Grant
31,31,21083,0.0,6.0,0.451911319,0.478494338,0.05378946802216126,0,0.0,0.664575469,0.159498113,39515.0,0,24.38511893537351,16.553972145146954,10.7,0.0,100.0,0.0,100.0,100.0,0.0,0.0,100.0,0.0,5.654481290913499,20.200000000000003,0.16329850944498076,2.1197845681941327,3.6057673723236676,0.24809715844710595,3.6489389588313625,0.223259782631421,0.0689461364064481,0.022820171095064384,0.005925294377036879,9.62616574570141,2.0382612270053233,1.5068371198021298,9.141915851452817,0.33404272514210287,4.302147032676921,0.18857250612860646,0.02963282239163816,87.84246114059428,11.870195019674167,30.1,6.396815356607275,0.7460409862665002,14.493977201579275,2.6254576560216147,16.3,0.079749056,1.05785953776917,6.0,6.0,0.053166,0.026583,1,Graves
32,32,21085,0.0,6.0,0.992593724,0.649003589,0.03819126183929117,0,0.0,0.343590135,0.190883408,37057.0,0,23.863901188534143,15.085838576866308,14.7,0.0,0.0,0.0,0.0,0.0,0.0,0.0,0.0,0.0,1.0020974131903984,20.200000000000003,0.07060053997641885,5.247853608643206,4.082961777201786,0.20278118352914082,11.735665845422513,0.3601089974254657,0.03511983110862569,0.059968296915985396,0.0062337455092731685,22.672293265446594,3.628953397268108,4.941691655333704,22.140261863109416,0.2369300085450167,1.0098656101918746,0.15924803853025712,0.011652295502213937,96.6557911908646,11.870195019674167,36.5,6.396815356607275,0.7460409862665002,14.493977201579275,2.6254576560216147,22.9,0.076353363,1.30805071799572,6.0,6.0,0.0,0.0381767,0,Grayson
33,33,21089,0.0,6.0,0.468216371,0.578384929,0.02786058562950993,0,0.0,0.220337116,0.192794976,45690.0,1,22.554863180709837,17.036033595231643,14.4,0.0,0.0,0.0,0.0,0.0,0.0,0.0,0.0,0.0,0.7694391763749662,20.200000000000003,0.10699964718349039,4.98222758411677,3.128967919235192,0.13915548765056138,8.529460454662205,0.26540302707057356,0.1436027320557689,0.04611839831481333,0.0,23.444384515594553,4.557400073642129,2.9288554201242656,22.882260711396967,0.4985098889189922,0.6908696830127337,0.23299918721213764,0.00270929287455974,96.86263885125982,11.870195019674167,39.8,6.396815356607275,0.7460409862665002,14.493977201579275,2.6254576560216147,16.8,0.0275421,1.0424502456375,6.0,6.0,0.0,0.0,1,Greenup
34,34,21093,0.0,6.0,0.424879464,0.609609665,0.027954825002795485,0,0.0,0.600373155,0.110838121,49637.0,1,25.976142425362177,10.998360857659911,11.6,100.0,66.6666666666667,33.3333333333333,100.0,100.0,0.0,33.3333333333333,0.0,0.0,5.037757122689331,20.200000000000003,4.431489275809641,7.852859525044948,2.2659350702360124,1.8062433613674618,9.898664292166796,1.680469599855784,0.6449910633292848,0.1901149854219645,0.11871456906202306,27.41954443005846,2.3047920686381853,3.271878428465887,20.353764983909212,1.9584434780137006,11.254180760448348,0.45668590053343183,0.31551121343907224,77.82515183384972,11.870195019674167,32.9,6.396815356607275,0.7460409862665002,14.493977201579275,2.6254576560216147,15.0,0.101601611,0.831656043833166,6.0,6.0,0.0277095,0.0277095,1,Hardin
35,35,21097,0.0,6.0,0.484079174,0.537865749,0.05363080553469913,0,0.0,0.537865749,0.10757315,47040.0,0,24.30754536771729,14.920938130107183,13.1,100.0,100.0,100.0,100.0,100.0,100.0,0.0,100.0,0.0,1.7881778626764302,20.200000000000003,0.004515473096440024,1.1756123792279423,1.2086976754035206,0.05951218433046057,1.7664213456354612,0.08393636724303406,0.008633473831486098,0.0011810926625943437,0.0,5.034656434838947,0.603934077454956,0.48436333690109773,4.936390031286909,0.196328133290884,2.0110368247904065,0.18571580176164704,0.058367823410803356,94.69383423538152,11.870195019674167,30.1,6.396815356607275,0.7460409862665002,14.493977201579275,2.6254576560216147,16.2,0.0537866,0.867031356144302,6.0,6.0,0.0,0.0537866,1,Harrison
36,36,21099,0.0,6.0,0.699037479,0.322632683,0.05368551028077522,0,0.0,0.376404796,0.268860569,34764.0,0,24.97389966481675,14.907412495192043,13.1,100.0,100.0,0.0,100.0,100.0,100.0,0.0,0.0,100.0,1.4341447332271005,20.200000000000003,0.22639800988840486,2.224008811291318,7.758927939320811,0.07969993928417166,3.8802531114839938,0.10415844899943238,0.006730751331953129,0.002105245908949085,0.0,9.363406407933788,1.85353104970261,1.7943689921942934,9.02401391843288,0.19781306665201384,4.85191494038134,0.16484422221001155,0.005494807407000384,92.15341502280346,11.870195019674167,37.1,6.396815356607275,0.7460409862665002,14.493977201579275,2.6254576560216147,22.0,0.107544228,1.37345430468317,6.0,6.0,0.107544228,0.0,0,Hart
37,37,21101,0.0,6.0,0.538016227,0.753222717,0.021620219229022984,0,0.0,0.602578174,0.150644543,45718.0,1,23.502702702702702,14.164324324324323,14.0,0.0,0.0,0.0,0.0,0.0,0.0,0.0,0.0,0.0,1.855135135135135,20.200000000000003,0.819442506725334,2.4330766924144434,1.7825696510424753,0.2129236763550329,3.6050389964267024,0.23965003977756325,0.05404827346742097,0.009026290962317255,0.0,9.694356187997148,1.151129701683468,1.6418029348185297,8.572189085769038,0.41729729729729725,7.714594594594594,0.17081081081081081,0.01945945945945946,88.15783783783783,11.870195019674167,32.6,6.396815356607275,0.7460409862665002,14.493977201579275,2.6254576560216147,17.0,0.064561947,0.895437413068702,6.0,6.0,0.0215206,0.0215206,1,Henderson
38,38,21103,0.0,6.0,0.834831749,0.513742615,0.06321911746112023,0,0.0,0.385306961,0.128435654,47802.0,1,24.798910223144784,14.206019719771664,11.4,100.0,100.0,0.0,100.0,100.0,100.0,0.0,100.0,0.0,2.899584846912299,20.200000000000003,0.005351837918704371,0.45806474382091983,3.0315288640039912,0.04146559205787714,0.5289611094028107,0.01542708980412474,0.011523797718895692,0.0027851842293011415,0.0,2.081989818260775,0.3386100117554515,0.2696874636270166,2.046901924251849,0.1881162428645563,2.6595744680851063,0.2270368448365335,0.05189413596263622,92.57913855734301,11.870195019674167,31.6,6.396815356607275,0.7460409862665002,14.493977201579275,2.6254576560216147,17.7,0.0,1.185358452396,6.0,6.0,0.0,0.0,1,Henry
39,39,21109,0.0,6.0,0.526751449,0.301000828,0.07480550568521843,0,0.0,0.075250207,0.150500414,30565.0,0,23.580850748480806,13.798725359419,13.7,0.0,0.0,0.0,0.0,0.0,0.0,0.0,0.0,0.0,0.6224988883948421,20.200000000000003,0.0,0.04854062944724966,5.745852633286949,1.748209735538758e-05,0.09679145938997555,5.641895008119905e-05,0.0,3.893685272581147e-05,0.0,0.17673145480422633,0.027003375123685787,0.062125849902692855,0.17663609895448198,0.08151771157551504,0.09633911368015415,0.12598191788943233,0.0,98.54750259374538,11.870195019674167,37.5,6.396815356607275,0.7460409862665002,14.493977201579275,2.6254576560216147,31.2,0.0,1.07844604029523,6.0,6.0,0.0,0.0,0,Jackson
40,40,21111,0.0,6.0,0.352619516,0.865759856,0.022212001797865557,1,0.0,0.747342854,0.203940392,51230.0,1,23.182826516402734,13.371412070770857,11.9,70.5882352941177,58.8235294117647,64.7058823529412,76.4705882352941,64.7058823529412,35.2941176470588,29.4117647058824,0.0,0.0,4.39106404568369,20.200000000000003,2.8056446196289277,3.913512998616279,0.8922063779570663,0.6241496251857641,4.365452397319633,0.5838356448083906,0.29709654943698655,0.03452527979781877,0.006815404382874742,16.123212763968368,2.242602032639766,1.5949392714332111,12.395295244949779,2.1820384943381153,20.57101913922083,0.20132344527564577,0.05437891987003033,70.5119174843745,11.870195019674167,31.6,6.396815356607275,0.7460409862665002,14.493977201579275,2.6254576560216147,15.4,0.101312324,0.813677889389458,6.0,6.0,0.0592085,0.0210519,1,Jefferson
41,41,21113,0.0,6.0,0.393584571,0.688773,0.019099642836678952,0,0.0,0.5510184,0.098396143,49839.0,1,25.828427942205572,11.307784135347632,9.3,0.0,0.0,0.0,0.0,0.0,0.0,0.0,0.0,0.0,2.784752809451282,20.200000000000003,0.5951058042630676,4.1525574292622975,1.9560063255227296,0.4102638638472256,4.665759544202157,0.4425805391570534,0.1046150095969446,0.03042996984921171,0.004820812169365229,15.863406444983886,1.9520807975231897,2.522215084847846,14.685854336716545,0.9776478821059564,3.0605524225085414,0.23463549170542955,0.030873091013872308,91.25262421273618,11.870195019674167,31.5,6.396815356607275,0.7460409862665002,14.493977201579275,2.6254576560216147,18.3,0.118075371,0.768760624176328,6.0,6.0,0.078716914,0.0393585,1,Jessamine
42,42,21115,0.0,6.0,0.687817041,0.902759866,0.04351988858908522,0,0.0,0.472874215,0.17195426,36051.0,0,22.47388251412913,14.13341325569447,15.3,100.0,0.0,0.0,100.0,0.0,100.0,0.0,0.0,0.0,0.4666895016269909,20.200000000000003,0.05425497647317434,3.5313762333160006,8.285472780018553,0.07508509447437446,7.836651133954402,0.11505722898731462,0.09781517583362434,0.02241593255574259,0.0042815549507677604,16.756701076771925,2.940589714190358,4.696338275427889,16.462876184266698,0.38962151053262545,0.23976708340469258,0.11988354170234629,0.017126220243192325,98.04761089227607,11.870195019674167,37.2,6.396815356607275,0.7460409862665002,14.493977201579275,2.6254576560216147,25.9,0.0429886,1.42527635129254,6.0,6.0,0.0,0.0429886,0,Johnson
43,43,21117,0.0,6.0,0.372112317,0.597819788,0.012125253872502956,1,0.0,0.689322817,0.152505048,52631.0,1,25.010017530678684,11.177685950413222,10.8,50.0,50.0,50.0,50.0,50.0,0.0,50.0,50.0,0.0,2.645254194840972,20.200000000000003,0.5106286191182369,8.242140684130478,1.2810183750119406,0.541123870994459,6.404045633490671,0.6215726933444528,0.34483972008218067,0.05159150390147333,0.02496768666157983,31.0793108679933,3.1618959409497873,2.416823353194542,29.525710676788382,0.8752817430503381,4.549837215126471,0.14713248184322564,0.08702729777109942,89.80090157776108,11.870195019674167,28.5,6.396815356607275,0.7460409862665002,14.493977201579275,2.6254576560216147,12.8,0.134204442,0.771469277638001,6.0,6.0,0.0366012,0.0061002,1,Kenton
44,44,21125,0.0,6.0,0.63317504,0.649837541,0.016597510373443983,0,0.0,0.499875031,0.149962509,37737.0,0,24.318170232289418,12.875324984281805,14.2,100.0,100.0,100.0,100.0,100.0,0.0,0.0,0.0,0.0,1.2183724447314312,20.200000000000003,0.07177371807841647,2.1573105826128054,5.066419213389328,0.11547868011712283,4.4506582256982785,0.13574256066892842,0.028594760385016568,0.03942947385366786,0.0014895526192972572,9.355611216143622,1.4105894648127666,2.1344754694992134,9.078581121142161,0.4859895665176978,0.6882020085303064,0.24639331169603562,0.0033985284371866984,96.40265764923788,11.870195019674167,37.8,6.396815356607275,0.7460409862665002,14.493977201579275,2.6254576560216147,23.0,0.0166625,1.33609958506224,6.0,6.0,0.0,0.033325,0,Laurel
45,45,21127,0.0,6.0,0.696026322,0.506200962,0.06303977809998108,0,0.0,0.316375601,0.189825361,36276.0,0,23.209331651954603,14.155107187894073,17.7,100.0,100.0,0.0,100.0,0.0,100.0,0.0,100.0,0.0,0.48549810844892816,20.200000000000003,0.02537870453142125,3.811442285768897,6.6750143764157235,0.08980297308900631,9.005968705401576,0.11944837317293823,0.027820026937134736,0.010679629472792497,0.009282884363573581,15.790588292995903,2.3251497652655675,3.973611396954848,15.597978644960781,0.16393442622950818,0.201765447667087,0.10718789407313997,0.006305170239596469,98.24716267339218,11.870195019674167,42.2,6.396815356607275,0.7460409862665002,14.493977201579275,2.6254576560216147,25.0,0.0,1.29231545104961,6.0,6.0,0.0,0.06327512,0,Lawrence
46,46,21135,0.0,6.0,0.504322767,0.360230548,0.074393691414968,0,0.0,0.216138329,0.288184438,33867.0,0,23.850036049026677,14.729632299927903,14.6,100.0,0.0,0.0,100.0,100.0,100.0,0.0,100.0,0.0,0.5623648161499639,20.200000000000003,0.0,0.3633181849055941,6.83334192048672,0.03058657483700087,0.8603330829102955,0.007209805442690412,0.0,0.0,0.0,1.1579490569997188,0.12836613063946,0.26479421308725304,1.1507392515570294,0.05767844268204759,0.25234318673395817,0.1946647440519106,0.0,98.4138428262437,11.870195019674167,38.3,6.396815356607275,0.7460409862665002,14.493977201579275,2.6254576560216147,24.7,0.0,1.51887119972226,6.0,6.0,0.0,0.0,0,Lewis
47,47,21137,0.0,6.0,0.736346901,0.368173451,0.04103069095683571,0,0.0,0.204540806,0.286357128,37220.0,0,24.654433756365695,14.873494462856682,12.3,0.0,0.0,100.0,100.0,0.0,100.0,0.0,100.0,100.0,1.503516288093121,20.200000000000003,0.07744527754250789,4.266523629751798,5.584915288759109,0.23960601859942285,11.432929261975952,0.3565844015274327,0.007063821074261094,0.037060955754776984,0.0,17.62075127171708,2.723166234843246,4.758129743347673,17.14259681081659,0.15762670762266592,2.263357853043408,0.15762670762266592,0.004041710451863229,94.592191415407,11.870195019674167,30.8,6.396815356607275,0.7460409862665002,14.493977201579275,2.6254576560216147,21.2,0.0409082,1.08047486186334,6.0,6.0,0.0,0.0409082,0,Lincoln
48,48,21141,0.0,6.0,0.521085346,0.521085346,0.03760388072049036,0,0.0,0.669966874,0.111661146,43795.0,0,24.550027948574623,15.658654741941493,11.8,0.0,100.0,0.0,100.0,100.0,100.0,0.0,100.0,0.0,2.4259362772498605,20.200000000000003,1.4796899792449787,3.6695064450673858,4.665987950148622,0.39011278885170486,6.957244312569219,0.43714105935994785,0.01536595431438092,0.04757895698527594,0.0006030589514430222,15.20491503846555,2.587162431901047,2.9471120882979376,13.224536006878814,0.23849450344699086,6.4617104527669085,0.16396497111980624,0.04099124277995156,89.18949133594187,11.870195019674167,35.2,6.396815356607275,0.7460409862665002,14.493977201579275,2.6254576560216147,15.5,0.0,0.908760450745184,6.0,6.0,0.0372204,0.0372204,1,Logan
49,49,21145,0.0,6.0,0.520546267,1.071712903,0.015346367514809243,0,0.0,1.102333272,0.168412028,47184.0,0,22.42964996568291,16.7787691603752,11.5,100.0,100.0,100.0,100.0,100.0,100.0,0.0,0.0,100.0,2.1093571265156714,20.200000000000003,1.9154661600690917,5.45291738748349,2.5023769063019454,0.47947223872937694,8.835927329009609,0.6113427919667307,0.1893924999108915,0.0557516147840145,0.006130221137539892,24.191289019358802,3.9217245530389535,3.8299736800635213,21.41320577406284,0.7946312819339586,10.949439487531459,0.19217570350034316,0.015252039960344696,83.92434988179669,11.870195019674167,33.7,6.396815356607275,0.7460409862665002,14.493977201579275,2.6254576560216147,15.2,0.091861106,0.994956160543466,6.0,6.0,0.0612407,0.0459306,1,McCracken
50,50,21149,0.0,6.0,0.949567419,0.844059928,0.10554089709762533,0,0.0,0.633044946,0.316522473,44007.0,1,23.344874619662153,16.902738432483474,17.5,0.0,0.0,100.0,100.0,0.0,0.0,0.0,0.0,0.0,1.1121603189591858,20.200000000000003,0.0,0.18464582697149093,3.715872150339056,0.00896133226833518,0.21390760516919524,0.0,0.0,0.0,0.0,0.5233909431883674,0.032961109869618296,0.045676853531564574,0.5233909431883674,0.10492078480747037,0.5560801594795929,0.23082572657643477,0.0,97.34550414437099,11.870195019674167,36.8,6.396815356607275,0.7460409862665002,14.493977201579275,2.6254576560216147,17.3,0.0,1.20492524186456,6.0,6.0,0.0,0.0,1,McLean
51,51,21151,0.0,6.0,0.549576368,0.721318983,0.011167319954884026,0,0.0,0.515227845,0.091596061,46342.0,0,21.527811278884652,11.230643060446717,10.5,100.0,100.0,100.0,100.0,100.0,100.0,100.0,100.0,0.0,2.186550243620049,20.200000000000003,1.1210993555929738,4.412019535610642,3.434228204477309,0.5389130685564306,10.830174911310072,0.6985624731238881,0.1833314912114381,0.061245164067611074,0.017216602574799917,22.015933285081527,2.5538261429979014,5.057987072403247,19.934478271303124,0.9081480052100922,4.299532056539148,0.2713589657002268,0.0361811954266969,90.41318925177288,11.870195019674167,32.2,6.396815356607275,0.7460409862665002,14.493977201579275,2.6254576560216147,18.2,0.091596061,1.01715672589069,6.0,6.0,0.0343485,0.0343485,1,Madison
52,52,21155,0.0,6.0,0.549807567,0.699755086,0.05206977349648529,0,0.0,0.499825061,0.099965012,41189.0,0,24.661957618567104,13.017154389505551,11.1,100.0,100.0,100.0,100.0,100.0,100.0,100.0,0.0,100.0,2.4318869828456107,20.200000000000003,0.018255642809852018,0.33406072805697024,3.646116316206877,0.010120611489915339,0.8157897259848437,0.015838704106888445,0.006613950604254794,0.0,0.0,1.5596441303635016,0.2403382563325005,0.34312098792404183,1.5189358182373613,0.5802219979818365,8.03733602421796,0.13118062563067606,0.010090817356205853,87.20988900100907,11.870195019674167,30.6,6.396815356607275,0.7460409862665002,14.493977201579275,2.6254576560216147,20.5,0.0,0.859151262692007,6.0,6.0,0.0,0.0499825,1,Marion
53,53,21163,0.0,6.0,0.652047085,0.377500944,0.035554291402972345,0,0.0,0.274546141,0.068636535,51111.0,1,27.288301517376407,10.401370533529123,11.6,100.0,100.0,100.0,100.0,100.0,0.0,100.0,0.0,0.0,3.003286483462695,20.200000000000003,1.4891330804966014,5.092614513723412,3.4824396757372837,1.5031122148796308,7.775164523634887,1.0910949891806028,0.10402248646594783,0.15324952929864416,0.060755247684894764,14.146515019083179,0.6511482594745333,1.4660296695123771,11.248259709782113,0.5384238864415075,3.1431368435773726,0.46500244738130203,0.11887280609747569,90.57058946926789,11.870195019674167,35.9,6.396815356607275,0.7460409862665002,14.493977201579275,2.6254576560216147,13.5,0.102954803,0.90367157315888,6.0,6.0,0.0,0.0,1,Meade
54,54,21167,0.0,6.0,0.469065153,0.562878184,0.0465614378171998,1,0.0,0.515971668,0.140719546,46346.0,0,23.618208241526418,15.91580329098495,12.2,100.0,100.0,0.0,100.0,100.0,100.0,0.0,100.0,0.0,2.297126248183395,20.200000000000003,1.8685436595442737,5.89337736883109,3.679686135644368,0.663264925604238,9.425459817918897,1.0021805439521636,0.14061897676718157,0.028208480247125124,0.009376025235777975,22.114404305503164,3.2824994742869866,4.1742703356816975,19.0654767036912,0.356288969105996,3.5206975762974073,0.13595236979044584,0.04688012751394684,91.95068210585534,11.870195019674167,35.8,6.396815356607275,0.7460409862665002,14.493977201579275,2.6254576560216147,15.1,0.093813031,0.841986000527696,6.0,6.0,0.0,0.0469065,1,Mercer
55,55,21169,0.0,6.0,0.4004004,0.2002002,0.09982032341784787,0,0.0,0.700700701,0.1001001,32654.0,0,23.95286662045747,16.27883948905832,15.7,100.0,100.0,100.0,100.0,100.0,100.0,100.0,100.0,0.0,1.1387266065947124,20.200000000000003,0.0014922491572457966,0.15608686421006834,6.462110708178422,0.009263639694004316,0.534019096634655,0.0024011988846595602,0.0,0.0004974163842116101,0.0,0.780070484827671,0.16363968628834044,0.2171692501024397,0.7756796284269195,0.1188236459055352,1.515001485295574,0.10892167541340728,0.0,96.3461728884048,11.870195019674167,33.8,6.396815356607275,0.7460409862665002,14.493977201579275,2.6254576560216147,22.9,0.0,0.773607506488321,6.0,6.0,0.0,0.0,0,Metcalfe
56,56,21171,0.0,6.0,0.560538117,1.027653214,0.0944465432565168,0,0.0,0.653961136,0.467115097,31603.0,0,23.223570190641247,17.14859071422056,13.3,100.0,100.0,100.0,100.0,100.0,100.0,0.0,100.0,100.0,2.6361397427711393,20.200000000000003,0.03513678012577688,0.7413222644503402,6.9129673422681535,0.06437112731680014,1.4031863575906232,0.13421665668484356,0.0,0.0,0.0,3.478096105104679,0.6878719209926717,0.7533410324636417,3.3087426756370517,0.07297272644349174,2.107087476055824,0.10945908966523761,0.0,94.08008756727173,11.870195019674167,29.9,6.396815356607275,0.7460409862665002,14.493977201579275,2.6254576560216147,25.3,0.0,1.7000377786173,6.0,6.0,0.093423019,0.093423019,0,Monroe
57,57,21173,0.0,6.0,0.837155128,0.618766834,0.036008786143819096,0,0.0,0.40037854,0.181990245,42468.0,0,24.529227518019546,12.804256764406205,13.3,100.0,100.0,0.0,100.0,100.0,100.0,0.0,100.0,0.0,2.4906600249066,20.200000000000003,1.0223723918301444,2.478596665130352,3.9182299217694396,0.2293918703612974,5.058482800834107,0.2303999915864342,0.027654268972973964,0.00980217963282222,0.004844404371854825,11.388872359537718,2.0102783333331598,2.1343128729356207,10.093799076794747,0.31321936676855733,2.686893845050757,0.15094909241858184,0.022642363862787278,93.26767047813125,11.870195019674167,32.2,6.396815356607275,0.7460409862665002,14.493977201579275,2.6254576560216147,21.5,0.109194147,1.26030751503367,6.0,6.0,0.036398,0.036398,1,Montgomery
58,58,21177,0.0,6.0,0.576793668,0.672925946,0.06445790898543251,0,0.0,0.544749575,0.256352741,40272.0,0,21.65465570335566,16.222737229753324,12.4,0.0,0.0,0.0,0.0,0.0,0.0,0.0,0.0,0.0,1.165116352900092,20.200000000000003,0.12995166112867612,1.1891556145226196,3.9009873393232906,0.12654894770870884,2.2556655314422107,0.12239918824928758,0.0005548157068805898,0.0052645995797783104,0.00024411100338949458,5.060641615984761,0.8393657795865265,1.1703813186772485,4.802227247623321,0.13651227023080098,4.49855550969872,0.1460363821073685,0.012698815835423347,93.02200069843487,11.870195019674167,37.8,6.396815356607275,0.7460409862665002,14.493977201579275,2.6254576560216147,19.4,0.0320441,0.915839456834687,6.0,6.0,0.0320441,0.0320441,1,Muhlenberg
59,59,21179,0.0,6.0,0.535570829,0.535570829,0.021949559911323777,0,0.0,0.513255378,0.111577256,51843.0,0,25.98015516725372,11.734235789764487,11.3,100.0,100.0,0.0,100.0,100.0,100.0,0.0,100.0,0.0,2.0443400787347192,20.200000000000003,0.281960785253611,3.0475061324215535,2.8268895555516935,0.27674554335212376,4.03626504574082,0.2627191050995534,0.09408451633983608,0.006278478417992011,0.009417478178301587,12.81395031067452,1.872023104997249,2.051992462923826,12.159489937247093,0.4972719110435803,4.991136588622603,0.11280705389414554,0.01841747818679927,90.93169417777472,11.870195019674167,32.4,6.396815356607275,0.7460409862665002,14.493977201579275,2.6254576560216147,12.5,0.133892707,0.824937626667252,6.0,6.0,0.066946354,0.0223155,1,Nelson
60,60,21183,0.0,6.0,0.834132711,0.500479626,0.04102059233735335,0,0.0,0.500479626,0.125119907,40661.0,0,24.888851606408856,15.443335290663535,16.0,100.0,100.0,100.0,100.0,100.0,0.0,100.0,100.0,0.0,3.5399714789027765,20.200000000000003,0.1801340318384519,4.111128900913442,4.237750600351123,0.4237536530588541,8.350301397100495,0.41664735046627926,0.02391394037952412,0.05290368987823505,0.0051083390040848504,17.41528323026122,3.0237674805465775,3.8677324347093505,16.7365758883722,0.1971311131616475,0.7843301736431508,0.16357688113413305,0.020971395017196543,94.50130022649107,11.870195019674167,37.2,6.396815356607275,0.7460409862665002,14.493977201579275,2.6254576560216147,19.9,0.0417066,1.10755599310854,6.0,6.0,0.0,0.0417066,1,Ohio
61,61,21185,0.0,6.0,0.25200819,0.519766892,0.01525320317266626,0,0.0,0.33076075,0.0472515,84415.0,1,27.846674182638104,9.239671065720538,10.3,100.0,100.0,100.0,100.0,100.0,0.0,0.0,0.0,0.0,3.536375091186418,20.200000000000003,2.168630992654768,10.86091498620154,2.2618609626320825,1.309957625324738,7.181283300997878,1.221008814444479,0.4335719003064245,0.11385317099632616,0.02725684038911234,40.20340154005571,3.5612697481971782,2.412930134022464,36.23907978373251,1.3014788779096758,4.262550567013728,0.23542675243716427,0.03150076265004311,89.19026460640626,11.870195019674167,28.0,6.396815356607275,0.7460409862665002,14.493977201579275,2.6254576560216147,6.2,0.031501,0.362263575350824,6.0,6.0,0.063002048,0.0157505,2,Oldham
62,62,21187,0.0,6.0,0.375763269,0.469704086,0.09396729937981582,0,0.0,0.281822452,0.187881635,43686.0,0,24.56415459828429,14.482058850659532,11.4,100.0,100.0,100.0,100.0,100.0,100.0,100.0,100.0,0.0,2.269163361313532,20.200000000000003,0.010114759694282077,2.5463705190350248,2.582516911536918,0.03783195988280583,4.256102476059791,0.11431266506009224,0.0,0.006447710156557042,0.0,10.156579059626234,1.0863640911629,1.7842368278562313,10.025703915956461,0.15681210220459368,0.8301817175537312,0.13836361959228852,0.009224241306152568,95.62770962088368,11.870195019674167,30.0,6.396815356607275,0.7460409862665002,14.493977201579275,2.6254576560216147,16.9,0.0,0.970995426924763,6.0,6.0,0.0,0.0,1,Owen
63,63,21189,0.0,6.0,0.665483585,0.221827862,0.44533511467379205,0,0.0,0.0,0.0,23341.0,0,22.250262881177708,16.76130389064143,13.1,0.0,0.0,0.0,0.0,0.0,50.0,0.0,50.0,0.0,0.8201892744479496,20.200000000000003,0.0,0.12004169644778107,18.557149455691434,0.0,0.5010654869690809,0.0,0.0,0.0,0.0,0.7018907594464648,0.1528318649227413,0.37871586214175024,0.7018907594464648,0.042060988433228176,0.2733964248159832,0.2523659305993691,0.0,97.98107255520505,11.870195019674167,33.6,6.396815356607275,0.7460409862665002,14.493977201579275,2.6254576560216147,42.4,0.0,1.55867290135827,6.0,6.0,0.0,0.0,0,Owsley
64,64,21191,0.0,6.0,0.206996481,0.413992962,0.06868131868131869,0,0.0,0.344994135,0.137997654,49345.0,1,24.73616992673254,12.280701754385964,15.0,100.0,100.0,100.0,100.0,100.0,100.0,100.0,100.0,100.0,0.9612152987833569,20.200000000000003,0.0,0.18923663242234995,3.0217141978269386,0.03453046541380318,0.2386584224717228,0.0076433242563905355,0.0,0.0,0.0,0.7813720107303288,0.10808843684871614,0.07416789807579868,0.7737286861374537,0.1344357061235464,0.31592390939033405,0.168044632654433,0.0067217853061773206,97.60704443100087,11.870195019674167,32.4,6.396815356607275,0.7460409862665002,14.493977201579275,2.6254576560216147,16.4,0.0,0.69253663003663,6.0,6.0,0.0,0.0,1,Pendleton
65,65,21193,0.0,6.0,0.905895568,0.760952277,0.0365724317009838,0,0.0,0.688480632,0.289886582,31740.0,0,21.74700473669546,13.391613262747285,14.5,100.0,100.0,100.0,100.0,100.0,100.0,100.0,0.0,100.0,0.6443298969072164,20.200000000000003,0.03386538133106781,0.5188800350942149,7.610766194800327,0.018103379039965273,1.1948476691360268,0.020712085619357865,0.006159844224245508,0.0016197129122873433,0.0,2.4425962973110096,0.34575923342475795,0.7040313470322326,2.380239281754601,0.5154639175257731,1.5045973808860407,0.12538311507383673,0.013931457230426304,96.20367790470883,11.870195019674167,37.0,6.396815356607275,0.7460409862665002,14.493977201579275,2.6254576560216147,28.5,0.0,1.7036657767375,6.0,6.0,0.0,0.0362358,0,Perry
66,66,21195,0.0,6.0,0.507662531,0.745629343,0.03302782594335728,0,0.0,0.396611353,0.333153536,34315.0,0,21.933439960629922,13.721087598425196,16.1,50.0,50.0,50.0,50.0,50.0,0.0,0.0,0.0,0.0,0.6859005905511811,20.200000000000003,0.015340739694900867,0.3788729328568375,7.261901366005912,0.029838423967664708,0.7780155763586676,0.027115848220788785,0.01571265673362574,0.0014116902827560455,7.240127009768193e-05,1.5113255714774683,0.26746595476346585,0.4124562136697957,1.4516722277074756,0.44752706692913385,0.5351870078740157,0.0907357283464567,0.012303149606299212,97.55013533464567,11.870195019674167,38.9,6.396815356607275,0.7460409862665002,14.493977201579275,2.6254576560216147,25.0,0.0158645,1.45322434150772,6.0,6.0,0.0158645,0.0317289,0,Pike
67,67,21197,0.0,6.0,0.884671063,0.965095705,0.08124796880077999,0,0.0,0.241273926,0.321698568,34510.0,0,24.617458178070244,13.018314437485135,13.4,0.0,0.0,0.0,0.0,0.0,0.0,0.0,0.0,0.0,1.046539284864822,20.200000000000003,0.011194854310792675,0.8031836533060731,8.19479104530602,0.06593952050384493,1.3708086821332435,0.08202229687827163,0.04094229557886007,0.008053911164193848,0.0,3.0655546690452,0.5561915837403433,0.6929795924462101,2.9233413186699755,0.13478157456592404,0.6184095774201221,0.11099659081899628,0.03171331166257037,97.23301355744074,11.870195019674167,36.3,6.396815356607275,0.7460409862665002,14.493977201579275,2.6254576560216147,26.0,0.0,1.59110605568194,6.0,6.0,0.0,0.0,0,Powell
68,68,21199,0.0,6.0,0.579710145,0.673717195,0.03127149915566952,0,0.0,0.53270662,0.172346259,40702.0,0,22.767708481994195,16.23931623931624,13.4,50.0,50.0,50.0,50.0,50.0,0.0,50.0,0.0,0.0,2.089973518544947,20.200000000000003,0.16017173989419153,3.987116860937174,3.9780350210071145,0.3148673286120863,7.8515089765871435,0.3038141260592598,0.08229180297162425,0.052664866366045546,0.0012812926296267655,17.501056691095254,2.855083258592122,3.4736313549386675,16.900832853023008,0.4582718868433154,1.1179296893582606,0.20297163154306014,0.02061430632859204,95.05256648113792,11.870195019674167,33.6,6.396815356607275,0.7460409862665002,14.493977201579275,2.6254576560216147,23.0,0.078339209,1.15574248962829,6.0,6.0,0.0156678,0.0156678,1,Pulaski
69,69,21201,0.0,6.0,0.0,0.0,0.46403712296983757,0,0.0,0.0,0.455166136,40027.0,0,21.472392638036812,18.711656441717793,13.7,100.0,100.0,0.0,100.0,100.0,0.0,0.0,100.0,100.0,0.9640666082383873,20.200000000000003,0.16147854419504296,15.388669969984795,7.3368627512354765,0.7071400037585538,35.179231596364815,0.9750590020810955,0.08424284250093339,0.052794975461336116,0.0,70.67783877754206,12.591860409049389,14.776431958228715,69.40426335914198,0.0876424189307625,0.13146362839614373,0.0876424189307625,0.0,97.80893952673094,11.870195019674167,34.6,6.396815356607275,0.7460409862665002,14.493977201579275,2.6254576560216147,22.5,0.0,0.773395204949729,6.0,6.0,0.0,0.0,1,Robertson
70,70,21203,0.0,6.0,0.653750149,0.534886485,0.11869436201780416,0,0.0,0.475454654,0.178295495,33293.0,0,23.200046904315197,14.827626641651031,13.2,0.0,0.0,0.0,0.0,0.0,0.0,0.0,0.0,0.0,0.6038930581613509,20.200000000000003,0.00036347506298748246,0.3450494960393451,6.060008570556222,0.008388214520096623,0.9461373782400035,0.00437846628016522,0.0,0.0,0.0,1.6085861346562795,0.23104810007180523,0.3270330445274933,1.6038441936305114,0.07621951219512195,0.11139774859287054,0.2403846153846154,0.005863039399624765,98.1531425891182,11.870195019674167,36.0,6.396815356607275,0.7460409862665002,14.493977201579275,2.6254576560216147,22.9,0.0,1.17210682492582,6.0,6.0,0.0594318,0.0,0,Rockcastle
71,71,21205,0.0,6.0,0.67638977,0.845487212,0.04089812277616457,0,0.0,0.422743606,0.084548721,36597.0,0,19.551707881541162,12.257317961685168,11.1,0.0,0.0,0.0,0.0,0.0,0.0,0.0,0.0,0.0,1.2600180002571464,20.200000000000003,0.1958693879255372,1.2389920587623708,4.976311958703588,0.09160776916935241,4.024744833114203,0.11430977818142286,0.12768677863076458,0.014185996205755154,0.00428577551107873,8.57255486950555,1.0534792620057214,1.887825668811496,8.116217106894613,0.7628680409720139,1.4614494492778467,0.1414305918655981,0.01714310204431492,95.427077529679,11.870195019674167,34.4,6.396815356607275,0.7460409862665002,14.493977201579275,2.6254576560216147,27.2,0.084548721,1.17582102981473,6.0,6.0,0.084548721,0.0422744,0,Rowan
72,72,21207,0.0,6.0,0.956453246,0.506357601,0.056427039837490124,0,0.0,0.731405424,0.225047823,31968.0,0,22.334187304298318,17.364076288072873,12.2,0.0,0.0,0.0,0.0,0.0,0.0,0.0,0.0,0.0,3.330486763450043,20.200000000000003,0.01918530163228568,0.2131119635670925,7.085810190192028,0.007166009520384913,0.4155742922014068,0.014657785107203758,0.0,0.0056931396245830735,0.0,1.019683890707458,0.14464465551551892,0.12748431064968707,0.9801476637713123,0.2277255906632508,0.4497580415599203,0.19356675206376317,0.0,94.93879874750925,11.870195019674167,34.6,6.396815356607275,0.7460409862665002,14.493977201579275,2.6254576560216147,24.6,0.056262,1.40597374261746,6.0,6.0,0.056262,0.0,0,Russell
73,73,21209,0.0,6.0,0.350986663,0.623976289,0.018528125694804713,0,0.0,0.623976289,0.077997036,63775.0,1,26.854344646301907,9.257414198800161,10.6,0.0,0.0,0.0,0.0,0.0,0.0,0.0,0.0,0.0,4.22699425518835,20.200000000000003,1.3972376398692241,8.261986862957201,3.0076143353637868,1.4624523405211478,8.670362849400334,1.1347560603153415,0.2240045803639476,0.07370208435195535,0.028828280914085812,27.77816118857927,2.411296562037712,4.867995180799133,24.919632489227737,0.8733809594471413,5.157611345473046,0.22258495325715982,0.02967799376762131,87.84898140885676,11.870195019674167,29.4,6.396815356607275,0.7460409862665002,14.493977201579275,2.6254576560216147,13.1,0.0584978,0.594444032708318,6.0,6.0,0.0,0.0194993,2,Scott
74,74,21211,0.0,6.0,0.378830084,0.623955432,0.04309601792794346,0,0.0,0.512534819,0.133704735,60189.0,1,24.820554261539193,12.026429623995817,11.6,0.0,0.0,0.0,0.0,0.0,0.0,0.0,0.0,0.0,9.060227218709892,20.200000000000003,0.6330200686514997,2.812063073245353,1.282373954081672,1.017634345479636,3.246238856007772,0.6370346328606027,0.07721371973621285,0.015462008632279197,0.014666919873406428,10.619807123062438,1.4708244923481795,1.454755566030272,9.242409826691734,0.5965679517041403,7.22061130389314,0.21866235679992396,0.07367970718258306,81.00014260588488,11.870195019674167,33.0,6.396815356607275,0.7460409862665002,14.493977201579275,2.6254576560216147,11.5,0.0445682,0.696718956501753,6.0,6.0,0.0222841,0.0222841,2,Shelby
75,75,21213,0.0,6.0,0.448782677,1.009761023,0.05530055853564121,0,0.0,0.673174015,0.0560978,45496.0,0,24.63207710509609,14.260979973451837,11.6,100.0,100.0,100.0,100.0,100.0,0.0,100.0,0.0,0.0,1.8756853465689387,20.200000000000003,1.145268924920621,3.592137471689716,1.611544285257278,0.2080363301298413,5.7420426673702085,0.321414069859364,0.024240764669905,0.05445373177665118,0.0,13.081766001501185,1.637128362259422,2.026774340896979,11.536388579056906,0.6406186875973914,9.32071333756565,0.20776822300455935,0.023085358111617705,86.22958388642003,11.870195019674167,35.4,6.396815356607275,0.7460409862665002,14.493977201579275,2.6254576560216147,16.0,0.168293504,0.751165920109127,6.0,6.0,0.0,0.0560978,1,Simpson
76,76,21217,0.0,6.0,0.475115809,0.752266698,0.039374729298736075,0,0.0,0.435522825,0.237557905,35700.0,0,22.295202349869452,16.004406005221934,14.0,0.0,0.0,0.0,0.0,0.0,0.0,0.0,0.0,0.0,1.766481723237598,20.200000000000003,0.8783261947318578,3.8495311513204227,3.7279156288786925,0.29130775665674485,8.46248194849951,0.4237410233063112,0.11068606781581877,0.017119241738824415,0.0,16.741470882213118,2.486879026401783,3.6677933741883955,15.311598288230458,0.5221932114882507,4.93635770234987,0.11830939947780679,0.04079634464751958,91.09415796344648,11.870195019674167,35.4,6.396815356607275,0.7460409862665002,14.493977201579275,2.6254576560216147,23.0,0.079185968,0.876087726896878,6.0,6.0,0.039593,0.039593,0,Taylor
77,77,21219,0.0,6.0,0.319488818,0.399361022,0.08133387555917039,0,0.0,0.399361022,0.239616613,40963.0,0,27.231139646869984,14.221508828250402,12.2,100.0,100.0,100.0,100.0,100.0,0.0,0.0,0.0,0.0,3.964686998394864,20.200000000000003,0.0,0.09502034895273034,6.348203114708693,0.0,0.2189622968677745,0.0,0.0,0.0,0.0,0.47552417975451283,0.04418721292441308,0.07799681191905897,0.47552417975451283,0.08025682182985554,7.937399678972714,0.14446227929373998,0.016051364365971106,86.65329052969503,11.870195019674167,33.7,6.396815356607275,0.7460409862665002,14.493977201579275,2.6254576560216147,19.3,0.0,0.67778229632642,6.0,6.0,0.0,0.0,1,Todd
78,78,21221,0.0,6.0,0.56569085,0.424268137,0.07010656197420079,0,0.0,0.56569085,0.212134069,45106.0,1,22.512030127623962,19.018062626403516,13.8,100.0,100.0,100.0,100.0,100.0,100.0,0.0,100.0,0.0,1.2204477299672223,20.200000000000003,1.8259249936497386,3.1305109593987726,4.324958916129254,0.1285086707465751,5.940155475992224,0.3738259593665416,0.08268226634613014,0.07255362924770625,0.006973986859513307,12.913642320508822,1.9806691237856056,1.5928896601389682,10.551681528575005,0.3068554292489016,8.166538810237812,0.25803752005021274,0.027895948113536507,88.39528558476881,11.870195019674167,33.4,6.396815356607275,0.7460409862665002,14.493977201579275,2.6254576560216147,15.1,0.0,0.85296317068611,6.0,6.0,0.0,0.0,1,Trigg
79,79,21227,0.0,6.0,0.464884609,0.763739,0.03186438517668801,0,0.0,0.763739,0.141125685,45964.0,1,22.77137232845894,10.9322272215973,9.2,100.0,100.0,100.0,100.0,100.0,75.0,75.0,75.0,25.0,4.546892575928009,20.200000000000003,1.552287375041321,3.3319013418862222,1.214343262253611,0.7941763911182824,5.588523047859594,0.6738615444074733,0.33283365652053043,0.02626216861445831,0.020039362770014675,12.523116006217219,1.2063267991633244,1.9259813015220908,9.917831861638165,2.769087457817773,8.967238470191226,0.23991141732283466,0.09930399325084364,81.55845753655792,11.870195019674167,31.6,6.396815356607275,0.7460409862665002,14.493977201579275,2.6254576560216147,18.0,0.09961813,0.823827125088955,6.0,6.0,0.0249045,0.0249045,1,Warren
80,80,21229,0.0,6.0,0.50171419,0.585333222,0.0820411846747067,0,0.0,0.250857095,0.334476127,45143.0,0,23.16292566356576,15.891439788341726,13.2,100.0,100.0,0.0,100.0,100.0,0.0,0.0,100.0,0.0,3.3541008790646067,20.200000000000003,0.01606591338263873,4.001392877906691,2.619682394504238,0.2609670376562584,8.025159777709934,0.2853708349790458,0.030127343848039598,0.03305334018998797,0.0,17.24864811029598,2.1394582788656566,2.6591914751330816,16.884030702675087,0.26457284287786975,6.281471366390715,0.08534607834769992,0.008534607834769992,88.7684560894427,11.870195019674167,32.9,6.396815356607275,0.7460409862665002,14.493977201579275,2.6254576560216147,17.1,0.0,0.916126562200892,6.0,6.0,0.0,0.0,1,Washington
81,81,21231,0.0,6.0,0.488138241,0.585765889,0.04889258299515963,0,0.0,0.341696769,0.097627648,29826.0,0,22.562821313602075,15.980396867342526,14.2,0.0,0.0,0.0,0.0,0.0,0.0,0.0,0.0,0.0,2.8876183154759048,20.200000000000003,0.13413719925318696,2.7585941359103736,5.474237392306628,0.552885433316091,8.141932070952386,0.5213892994670349,0.012604020364055302,0.011943350184841205,0.0027034175524058806,12.458315716390429,2.0134265818376065,4.251072675949514,11.775538452182914,0.32191418824772977,1.4798443280641906,0.158554749435449,0.014414068130495363,94.12866958151156,11.870195019674167,37.1,6.396815356607275,0.7460409862665002,14.493977201579275,2.6254576560216147,28.0,0.0,0.998223569484509,6.0,6.0,0.0488138,0.0488138,0,Wayne
82,82,21237,0.0,6.0,0.970335459,0.277238703,0.1396843134515994,0,0.0,0.277238703,0.415858054,27196.0,0,24.038069340584638,15.56764106050306,12.6,0.0,0.0,100.0,100.0,0.0,100.0,0.0,0.0,100.0,0.557443915703603,20.200000000000003,0.006866496040727655,0.3799887601176995,11.085590183102774,0.0167975827925259,0.8699392140373678,0.0,0.0,0.0,0.0,1.6953333212991164,0.28815062567463495,0.6452045306523687,1.6884668534572533,0.04078857919782461,0.13596193065941536,0.28552005438477224,0.0,98.45003399048267,11.870195019674167,32.3,6.396815356607275,0.7460409862665002,14.493977201579275,2.6254576560216147,30.7,0.138619351,1.71113283978209,6.0,6.0,0.0,0.0,0,Wolfe
83,83,21239,0.0,6.0,0.469428471,0.50854751,0.0382789771857296,0,0.0,0.782380785,0.117357118,57862.0,1,24.070732587513533,12.995709531256267,12.4,100.0,100.0,100.0,100.0,100.0,100.0,0.0,100.0,0.0,6.736436906050764,20.200000000000003,2.201070585096439,9.010884774763865,3.308468077005538,2.503447442378852,11.564111544051645,1.7668938219313206,0.1613446412922876,0.05251094529340752,0.008011632260039536,34.06489508772597,3.7250790405821808,6.007252854175607,29.87506336092919,0.4972132002085088,4.875897189141505,0.12029351617947792,0.02004891936324632,86.43490115882754,11.870195019674167,29.5,6.396815356607275,0.7460409862665002,14.493977201579275,2.6254576560216147,11.6,0.039119,0.714540907466952,6.0,6.0,0.0,0.0,2,Woodford
